comp_id,pos,neg
PC0,cookies domain website forge information privacy data site group browser,die casting aluminum zinc castings sand mold foundry cnc machining
PC1,foundry bronze brass sand castings art foundries copper alloys pattern,die zinc cookies forge website domain coating powder privacy data
PC2,forge aluminium cnc ltd art bearings valves australia copyright flange,cookies website privacy data sand information castings casting foundry site
PC3,bronze domain die brass zinc art powder coating copper aluminium,investment cnc aerospace precision components machining forge machine cookies solutions
PC4,domain hours purchase name investment address account days email months,forge cookies brass bronze forgings die copper forging site pdf
PC5,forge domain investment cookies forgings casting sand alloys wax prototype,website group foundry llc water valves email solutions automotive fittings
PC6,investment wax aluminium bronze alloy precision alloys art mi steels,forge foundry sand domain aluminum ohio forging molding foundries forgings
PC7,art foundry forge investment st phone bronze ohio die wax,cnc brass sand machining copper aluminium page milling machine turning
PC8,art bronze cnc copyright page machining website email machine milling,brass domain alloys fittings valves copper foundry metals alloy pipe
PC9,email javascript investment forge browser website page addresses id flange,cookies cnc art domain bronze data brass machining aerospace information
